Title,Image,Price
ูุฌููุนุฉ ุชูุจูุฑ ูุดุฏ ุงููุคุฎุฑุฉ ุจุจุฐูุฑ ุงูุฃููุจู ุงูุทุจูุนูุฉ,https://cdn.youcan.shop/stores/7098a7f840b9ea164d1a1f4c01f4bb45/products/C4T5F6kav7OQcMODHK0fcDCcnxf5KhsL64bRDQ1b.webp,ุฏ.ุฌย8.000
ูุฑูู ุชูุจูุฑ ูุดุฏ ุงููุคุฎุฑุฉ ุจุจุฐูุฑ ุงูุฃููุจู,https://cdn.youcan.shop/stores/7098a7f840b9ea164d1a1f4c01f4bb45/products/kh0XbExyajggZwRmmHuzTxxNWR04iBQcOXewWejK.webp,ุฏ.ุฌย3.900
ุฒูุช ุชูุจูุฑ ูุฑูุน ุงููุคุฎุฑุฉ ุจุจุฐูุฑ ุงูุฃููุจู,https://cdn.youcan.shop/stores/7098a7f840b9ea164d1a1f4c01f4bb45/products/6z189YauGguZOARmOLY1wvsxMTBgHwUI5OzVe3oU.webp,ุฏ.ุฌย3.700
ุตุงุจููุฉ ุชูุจูุฑ ูุดุฏ ุงููุคุฎุฑุฉ ุจุจุฐูุฑ ุงูุฃููุจู,https://cdn.youcan.shop/stores/7098a7f840b9ea164d1a1f4c01f4bb45/products/bjOEgSJ6cszE6fqMkNwfZfcPz51q37aZN9EDGnv8.webp,ุฏ.ุฌย1.800
ุซูุงุฆู ุงูุชุณููู ูุงูุชูุจูุฑ ุงููุถุงุนู โ ุญุจูุจ ุงูุฌููุณููุบ + ุจููุฏููุงูุณ,https://cdn.youcan.shop/stores/7098a7f840b9ea164d1a1f4c01f4bb45/products/dIed44ldGYg99wMxDqTgpTnMHOYB1so9e8VodC8S_md.png,ุฏ.ุฌย29.000
ุญุจูุจ Aguaje Boost ๐,https://cdn.youcan.shop/stores/7098a7f840b9ea164d1a1f4c01f4bb45/products/4glWElYZqlp6XGyLBnypUxHEOg6EG3FisSN0XBfk.webp,ุฏ.ุฌย15.000
ุชุญุงููู ุงูุฃููุจู ูุชูุจูุฑ ุงูุฃุฑุฏุงู ๐,https://cdn.youcan.shop/stores/7098a7f840b9ea164d1a1f4c01f4bb45/products/dGzxDnjd4uwUNO1v4QVNRBjxmhUHgcKsikyH4Ehk.webp,ุฏ.ุฌย4.800
ูุฌููุนุฉ ุชูุจูุฑ ุงููุคุฎุฑุฉ ูุงูุฃุฑุฏุงู ุงูุทุจูุนูุฉ,https://cdn.youcan.shop/stores/7098a7f840b9ea164d1a1f4c01f4bb45/products/NMF1jdK9shsiqTwT7ogw9fAOCwRzjkzVBx0Zny1I.webp,ุฏ.ุฌย33.000
ุชูุจูุฑ ูุฑูุน ูุดุฏ ุงููุคุฎุฑุฉ,https://cdn.youcan.shop/stores/7098a7f840b9ea164d1a1f4c01f4bb45/products/3rRYgavMYO9ETIdShXEQp0TAAcHvO3Wi1rXoenSs.webp,ุฏ.ุฌย3.500
ุชุญุงููู ุฒุงููุฏู ุงูุฃูุฑูููุฉ,https://cdn.youcan.shop/stores/7098a7f840b9ea164d1a1f4c01f4bb45/products/mSZ8RM0JnypvPD7qxjjxOnPJbo4CTMTK2kjP3lWb.webp,ุฏ.ุฌย5.500
ูุจุณููุงุช hip Butt,https://cdn.youcan.shop/stores/7098a7f840b9ea164d1a1f4c01f4bb45/products/P88WiZQhJoBWjXymuNlbV6hnAf1E5afaX3T6oCgm.webp,ุฏ.ุฌย11.000
ุซูุงุฆู ุชูุจูุฑ ุงููุคุฎุฑุฉ ูุงููุถุงุก ุนูู ุงูุนุถูุฉ ุงููุงุฆูุฉ 2,https://cdn.youcan.shop/stores/7098a7f840b9ea164d1a1f4c01f4bb45/products/E28N26x3mIaqFv3whYLeCDHeYcM1Sg7WCGFHrIQA.webp,ุฏ.ุฌย13.000
ุซูุงุฆู ุชูุจูุฑ ุงููุคุฎุฑุฉ ูุงููุถุงุก ุนูู ุงูุนุถูุฉ ุงููุงุฆูุฉ,https://cdn.youcan.shop/stores/7098a7f840b9ea164d1a1f4c01f4bb45/products/LRImNCzrt3xOCT2gsZ0nOEJfdZ7x9eNurxD8Cb1j.webp,ุฏ.ุฌย17.000
ูุฌููุนุฉ ุชูุจูุฑ ุงููุคุฎุฑุฉ ูุงููุถุงุก ุนูู ุงูุนุถูุฉ ุงููุงุฆูุฉ,https://cdn.youcan.shop/stores/7098a7f840b9ea164d1a1f4c01f4bb45/products/GPtC25uTzeK03EhIof46L8dVxjNcWwEAw9VaItsw.webp,ุฏ.ุฌย26.000
ูุฑูู ุดุฏ ูุฑูุน ุงููุคุฎุฑุฉ,https://cdn.youcan.shop/stores/7098a7f840b9ea164d1a1f4c01f4bb45/products/dt8JKUAnsJ2Cgu7Ws6Z28YAobD0dwonhbqNTiECG.webp,ุฏ.ุฌย5.500
ุชูุฒุงูุฉ ุชูุจูุฑ ูุฑูุน ุงููุคุฎุฑุฉ,https://cdn.youcan.shop/stores/7098a7f840b9ea164d1a1f4c01f4bb45/products/NpmxF0IIW7oz1LbKBQxGjCqjUScSzYXw0pLiAwpJ.webp,ุฏ.ุฌย9.500
ุซูุงุฆู ุชูุจูุฑ ุงููุคุฎุฑุฉ ูุงููุถุงุก ุนูู ุงูุนุถูุฉ ุงููุงุฆูุฉ 3,https://cdn.youcan.shop/stores/7098a7f840b9ea164d1a1f4c01f4bb45/products/mUCaEGwvG6bFYNFldHxYLN9SaD16dLxBnCYESUzt.webp,ุฏ.ุฌย23.000
ูุจุณููุงุช ูุฑูููู ูุงูุง ฺจูู ุชุฑููุฒ 30000ููุบ,https://cdn.youcan.shop/stores/7098a7f840b9ea164d1a1f4c01f4bb45/products/TCx2r8R36VVOlgbDV1GXh1G9lQqoen3wJyZECzLl.webp,ุฏ.ุฌย14.800
ุชุญุงููู ุณูุจูุทุฑุงูุณ,https://cdn.youcan.shop/stores/7098a7f840b9ea164d1a1f4c01f4bb45/products/kXxlBmrIjo9ULFk8LUQWSZJu9CnhIgu4gf422NlO.webp,ุฏ.ุฌย8.500
ุจุงุช ุจูุณุชุฑ,https://cdn.youcan.shop/stores/7098a7f840b9ea164d1a1f4c01f4bb45/products/vmQnZI1kqZ7RwGIlxJBq9stPv1VlleGzNCxg6ZX7.webp,ุฏ.ุฌย8.000
